Workbook

Sheet Resumen
A1: Resumen — Demanda de mecánicos simultáneos por número de secuencia y celda de trabajo
A2: Cada valor es la suma de mecánicos requeridos por las tareas que comparten número de secuencia (ejecución en paralelo) dentro de esa celda. Capacidad disponible: 8 mecánicos por turno y por celda. Celdas en rojo = la secuencia exige más mecánicos de los disponibles (posible restricción de capacidad / cuello de botella candidato).
A3: Núm. de secuencia | B3: Celda 1 | C3: Celda 2 | D3: Celda 3 | E3: Celda 4 | F3: Celda 5 | G3: Pico máximo | H3: Capacidad (8)
A4: 1 | B4: =IF(COUNTIF(WorkCell1!$A$4:$A$22,$A4)=0,"–",SUMIF(WorkCell1!$A$4:$A$22,$A4,WorkCell1!$C$4:$C$22)) -> 7 | C4: =IF(COUNTIF(WorkCell2!$A$4:$A$23,$A4)=0,"–",SUMIF(WorkCell2!$A$4:$A$23,$A4,WorkCell2!$C$4:$C$23)) -> 5 | D4: =IF(COUNTIF(WorkCell3!$A$4:$A$22,$A4)=0,"–",SUMIF(WorkCell3!$A$4:$A$22,$A4,WorkCell3!$C$4:$C$22)) -> 7 | E4: =IF(COUNTIF(WorkCell4!$A$4:$A$23,$A4)=0,"–",SUMIF(WorkCell4!$A$4:$A$23,$A4,WorkCell4!$C$4:$C$23)) -> 6 | F4: =IF(COUNTIF(WorkCell5!$A$4:$A$8,$A4)=0,"–",SUMIF(WorkCell5!$A$4:$A$8,$A4,WorkCell5!$C$4:$C$8)) -> 5 | G4: =MAX(B4:F4) -> 7 | H4: 8
A5: 2 | B5: =IF(COUNTIF(WorkCell1!$A$4:$A$22,$A5)=0,"–",SUMIF(WorkCell1!$A$4:$A$22,$A5,WorkCell1!$C$4:$C$22)) -> 5 | C5: =IF(COUNTIF(WorkCell2!$A$4:$A$23,$A5)=0,"–",SUMIF(WorkCell2!$A$4:$A$23,$A5,WorkCell2!$C$4:$C$23)) -> 7 | D5: =IF(COUNTIF(WorkCell3!$A$4:$A$22,$A5)=0,"–",SUMIF(WorkCell3!$A$4:$A$22,$A5,WorkCell3!$C$4:$C$22)) -> 4 | E5: =IF(COUNTIF(WorkCell4!$A$4:$A$23,$A5)=0,"–",SUMIF(WorkCell4!$A$4:$A$23,$A5,WorkCell4!$C$4:$C$23)) -> 4 | F5: =IF(COUNTIF(WorkCell5!$A$4:$A$8,$A5)=0,"–",SUMIF(WorkCell5!$A$4:$A$8,$A5,WorkCell5!$C$4:$C$8)) -> 4 | G5: =MAX(B5:F5) -> 7 | H5: 8
A6: 3 | B6: =IF(COUNTIF(WorkCell1!$A$4:$A$22,$A6)=0,"–",SUMIF(WorkCell1!$A$4:$A$22,$A6,WorkCell1!$C$4:$C$22)) -> 2 | C6: =IF(COUNTIF(WorkCell2!$A$4:$A$23,$A6)=0,"–",SUMIF(WorkCell2!$A$4:$A$23,$A6,WorkCell2!$C$4:$C$23)) -> 5 | D6: =IF(COUNTIF(WorkCell3!$A$4:$A$22,$A6)=0,"–",SUMIF(WorkCell3!$A$4:$A$22,$A6,WorkCell3!$C$4:$C$22)) -> 2 | E6: =IF(COUNTIF(WorkCell4!$A$4:$A$23,$A6)=0,"–",SUMIF(WorkCell4!$A$4:$A$23,$A6,WorkCell4!$C$4:$C$23)) -> 8 | F6: =IF(COUNTIF(WorkCell5!$A$4:$A$8,$A6)=0,"–",SUMIF(WorkCell5!$A$4:$A$8,$A6,WorkCell5!$C$4:$C$8)) -> 2 | G6: =MAX(B6:F6) -> 8 | H6: 8
A7: 4 | B7: =IF(COUNTIF(WorkCell1!$A$4:$A$22,$A7)=0,"–",SUMIF(WorkCell1!$A$4:$A$22,$A7,WorkCell1!$C$4:$C$22)) -> 7 | C7: =IF(COUNTIF(WorkCell2!$A$4:$A$23,$A7)=0,"–",SUMIF(WorkCell2!$A$4:$A$23,$A7,WorkCell2!$C$4:$C$23)) -> 4 | D7: =IF(COUNTIF(WorkCell3!$A$4:$A$22,$A7)=0,"–",SUMIF(WorkCell3!$A$4:$A$22,$A7,WorkCell3!$C$4:$C$22)) -> 7 | E7: =IF(COUNTIF(WorkCell4!$A$4:$A$23,$A7)=0,"–",SUMIF(WorkCell4!$A$4:$A$23,$A7,WorkCell4!$C$4:$C$23)) -> 4 | F7: =IF(COUNTIF(WorkCell5!$A$4:$A$8,$A7)=0,"–",SUMIF(WorkCell5!$A$4:$A$8,$A7,WorkCell5!$C$4:$C$8)) -> – | G7: =MAX(B7:F7) -> 7 | H7: 8
A8: 5 | B8: =IF(COUNTIF(WorkCell1!$A$4:$A$22,$A8)=0,"–",SUMIF(WorkCell1!$A$4:$A$22,$A8,WorkCell1!$C$4:$C$22)) -> 2 | C8: =IF(COUNTIF(WorkCell2!$A$4:$A$23,$A8)=0,"–",SUMIF(WorkCell2!$A$4:$A$23,$A8,WorkCell2!$C$4:$C$23)) -> 5 | D8: =IF(COUNTIF(WorkCell3!$A$4:$A$22,$A8)=0,"–",SUMIF(WorkCell3!$A$4:$A$22,$A8,WorkCell3!$C$4:$C$22)) -> 2 | E8: =IF(COUNTIF(WorkCell4!$A$4:$A$23,$A8)=0,"–",SUMIF(WorkCell4!$A$4:$A$23,$A8,WorkCell4!$C$4:$C$23)) -> 2 | F8: =IF(COUNTIF(WorkCell5!$A$4:$A$8,$A8)=0,"–",SUMIF(WorkCell5!$A$4:$A$8,$A8,WorkCell5!$C$4:$C$8)) -> – | G8: =MAX(B8:F8) -> 5 | H8: 8
A9: 6 | B9: =IF(COUNTIF(WorkCell1!$A$4:$A$22,$A9)=0,"–",SUMIF(WorkCell1!$A$4:$A$22,$A9,WorkCell1!$C$4:$C$22)) -> 6 | C9: =IF(COUNTIF(WorkCell2!$A$4:$A$23,$A9)=0,"–",SUMIF(WorkCell2!$A$4:$A$23,$A9,WorkCell2!$C$4:$C$23)) -> 5 | D9: =IF(COUNTIF(WorkCell3!$A$4:$A$22,$A9)=0,"–",SUMIF(WorkCell3!$A$4:$A$22,$A9,WorkCell3!$C$4:$C$22)) -> 7 | E9: =IF(COUNTIF(WorkCell4!$A$4:$A$23,$A9)=0,"–",SUMIF(WorkCell4!$A$4:$A$23,$A9,WorkCell4!$C$4:$C$23)) -> 7 | F9: =IF(COUNTIF(WorkCell5!$A$4:$A$8,$A9)=0,"–",SUMIF(WorkCell5!$A$4:$A$8,$A9,WorkCell5!$C$4:$C$8)) -> – | G9: =MAX(B9:F9) -> 7 | H9: 8
A10: 7 | B10: =IF(COUNTIF(WorkCell1!$A$4:$A$22,$A10)=0,"–",SUMIF(WorkCell1!$A$4:$A$22,$A10,WorkCell1!$C$4:$C$22)) -> 7 | C10: =IF(COUNTIF(WorkCell2!$A$4:$A$23,$A10)=0,"–",SUMIF(WorkCell2!$A$4:$A$23,$A10,WorkCell2!$C$4:$C$23)) -> 4 | D10: =IF(COUNTIF(WorkCell3!$A$4:$A$22,$A10)=0,"–",SUMIF(WorkCell3!$A$4:$A$22,$A10,WorkCell3!$C$4:$C$22)) -> 6 | E10: =IF(COUNTIF(WorkCell4!$A$4:$A$23,$A10)=0,"–",SUMIF(WorkCell4!$A$4:$A$23,$A10,WorkCell4!$C$4:$C$23)) -> 4 | F10: =IF(COUNTIF(WorkCell5!$A$4:$A$8,$A10)=0,"–",SUMIF(WorkCell5!$A$4:$A$8,$A10,WorkCell5!$C$4:$C$8)) -> – | G10: =MAX(B10:F10) -> 7 | H10: 8
A11: 8 | B11: =IF(COUNTIF(WorkCell1!$A$4:$A$22,$A11)=0,"–",SUMIF(WorkCell1!$A$4:$A$22,$A11,WorkCell1!$C$4:$C$22)) -> 2 | C11: =IF(COUNTIF(WorkCell2!$A$4:$A$23,$A11)=0,"–",SUMIF(WorkCell2!$A$4:$A$23,$A11,WorkCell2!$C$4:$C$23)) -> 6 | D11: =IF(COUNTIF(WorkCell3!$A$4:$A$22,$A11)=0,"–",SUMIF(WorkCell3!$A$4:$A$22,$A11,WorkCell3!$C$4:$C$22)) -> 2 | E11: =IF(COUNTIF(WorkCell4!$A$4:$A$23,$A11)=0,"–",SUMIF(WorkCell4!$A$4:$A$23,$A11,WorkCell4!$C$4:$C$23)) -> 2 | F11: =IF(COUNTIF(WorkCell5!$A$4:$A$8,$A11)=0,"–",SUMIF(WorkCell5!$A$4:$A$8,$A11,WorkCell5!$C$4:$C$8)) -> – | G11: =MAX(B11:F11) -> 6 | H11: 8
A12: 9 | B12: =IF(COUNTIF(WorkCell1!$A$4:$A$22,$A12)=0,"–",SUMIF(WorkCell1!$A$4:$A$22,$A12,WorkCell1!$C$4:$C$22)) -> 3 | C12: =IF(COUNTIF(WorkCell2!$A$4:$A$23,$A12)=0,"–",SUMIF(WorkCell2!$A$4:$A$23,$A12,WorkCell2!$C$4:$C$23)) -> 2 | D12: =IF(COUNTIF(WorkCell3!$A$4:$A$22,$A12)=0,"–",SUMIF(WorkCell3!$A$4:$A$22,$A12,WorkCell3!$C$4:$C$22)) -> 3 | E12: =IF(COUNTIF(WorkCell4!$A$4:$A$23,$A12)=0,"–",SUMIF(WorkCell4!$A$4:$A$23,$A12,WorkCell4!$C$4:$C$23)) -> 6 | F12: =IF(COUNTIF(WorkCell5!$A$4:$A$8,$A12)=0,"–",SUMIF(WorkCell5!$A$4:$A$8,$A12,WorkCell5!$C$4:$C$8)) -> – | G12: =MAX(B12:F12) -> 6 | H12: 8
A13: 10 | B13: =IF(COUNTIF(WorkCell1!$A$4:$A$22,$A13)=0,"–",SUMIF(WorkCell1!$A$4:$A$22,$A13,WorkCell1!$C$4:$C$22)) -> 4 | C13: =IF(COUNTIF(WorkCell2!$A$4:$A$23,$A13)=0,"–",SUMIF(WorkCell2!$A$4:$A$23,$A13,WorkCell2!$C$4:$C$23)) -> 3 | D13: =IF(COUNTIF(WorkCell3!$A$4:$A$22,$A13)=0,"–",SUMIF(WorkCell3!$A$4:$A$22,$A13,WorkCell3!$C$4:$C$22)) -> 5 | E13: =IF(COUNTIF(WorkCell4!$A$4:$A$23,$A13)=0,"–",SUMIF(WorkCell4!$A$4:$A$23,$A13,WorkCell4!$C$4:$C$23)) -> 3 | F13: =IF(COUNTIF(WorkCell5!$A$4:$A$8,$A13)=0,"–",SUMIF(WorkCell5!$A$4:$A$8,$A13,WorkCell5!$C$4:$C$8)) -> – | G13: =MAX(B13:F13) -> 5 | H13: 8
A14: 11 | B14: =IF(COUNTIF(WorkCell1!$A$4:$A$22,$A14)=0,"–",SUMIF(WorkCell1!$A$4:$A$22,$A14,WorkCell1!$C$4:$C$22)) -> 4 | C14: =IF(COUNTIF(WorkCell2!$A$4:$A$23,$A14)=0,"–",SUMIF(WorkCell2!$A$4:$A$23,$A14,WorkCell2!$C$4:$C$23)) -> 2 | D14: =IF(COUNTIF(WorkCell3!$A$4:$A$22,$A14)=0,"–",SUMIF(WorkCell3!$A$4:$A$22,$A14,WorkCell3!$C$4:$C$22)) -> 1 | E14: =IF(COUNTIF(WorkCell4!$A$4:$A$23,$A14)=0,"–",SUMIF(WorkCell4!$A$4:$A$23,$A14,WorkCell4!$C$4:$C$23)) -> 4 | F14: =IF(COUNTIF(WorkCell5!$A$4:$A$8,$A14)=0,"–",SUMIF(WorkCell5!$A$4:$A$8,$A14,WorkCell5!$C$4:$C$8)) -> – | G14: =MAX(B14:F14) -> 4 | H14: 8
A15: Pico general de la celda | B15: =MAX(B4:B14) -> 7 | C15: =MAX(C4:C14) -> 7 | D15: =MAX(D4:D14) -> 7 | E15: =MAX(E4:E14) -> 8 | F15: =MAX(F4:F14) -> 5
A40: Conclusión — Demanda de mecánicos por secuencia
A42: El análisis de la demanda de mecánicos por tarea y por número de secuencia muestra que, bajo los tiempos de trabajo esperados, ninguna celda supera la disponibilidad de 8 mecánicos por turno, por lo que la dotación actual parece adecuada para el pico de trabajo en paralelo. La Celda 4 es la más ajustada del sistema: en la secuencia 3 exige exactamente 8 mecánicos simultáneos, es decir, el 100% de la capacidad disponible, sin ningún margen. Esto la convierte en la candidata más fuerte a restricción de capacidad; cualquier variación al alza en los tiempos de tarea, o la incorporación futura del SA103, podría llevarla por encima del límite disponible. Se recomienda validar este punto de forma prioritaria en la simulación de la Fase 2. Las Celdas 1, 2 y 3 muestran un comportamiento similar entre sí, con picos de 7 mecánicos simultáneos (87.5% de la capacidad) en varias de sus secuencias. Esto indica una carga de mano de obra ajustada pero manejable, con un margen de apenas un mecánico. La Celda 5 se comporta de forma distinta a las demás: cuenta con solo 5 tareas distribuidas en 3 números de secuencia, frente a las 19-20 tareas y 11 secuencias del resto de las celdas, y su pico de demanda es de apenas 5 mecánicos (62.5% de la capacidad). Esto sugiere que la Celda 5 completará su alcance de trabajo antes de que finalice el tiempo de ciclo fijo, por lo que es más probable que enfrente periodos de espera o inactividad que una restricción real de mano de obra. En conjunto, la mano de obra no parece ser la restricción dominante del sistema. El verdadero cuello de botella probablemente provendrá de la relación entre el tiempo de ciclo fijo de 4 días y la duración acumulada de las tareas en cada celda, más que de la cantidad de mecánicos disponibles. Esta hipótesis deberá confirmarse con el modelo funcional que se construirá en Simio durante la Fase 2.

Sheet WorkCell1
A1: Celda de trabajo 1 — Demanda de mecánicos por tarea y por número de secuencia
A2: Fuente: Simio Aerospace Data.xlsx, hoja WorkCell1. Capacidad disponible: 8 mecánicos por turno. Supuesto: las tareas con el mismo número de secuencia se ejecutan en paralelo, por lo que requieren mecánicos de forma simultánea.
A3: Núm. de secuencia | B3: Tarea | C3: Mecánicos requeridos (tarea) | D3: Tareas en paralelo (misma secuencia) | E3: Mecánicos totales requeridos en la secuencia (paralelo) | F3: ¿Excede capacidad de turno (8 mecánicos)?
A4: 1 | B4: T-Clips to assembly | C4: 2 | D4: =COUNTIF($A$4:$A$22,A4) -> 3 | E4: =SUMIF($A$4:$A$22,A4,$C$4:$C$22) -> 7 | F4: =IF(E4>8,"Sí","No") -> No
A5: 1 | B5: Upper Web | C5: 3 | D5: =COUNTIF($A$4:$A$22,A5) -> 3 | E5: =SUMIF($A$4:$A$22,A5,$C$4:$C$22) -> 7 | F5: =IF(E5>8,"Sí","No") -> No
A6: 1 | B6: Upper TV Chord Assembly | C6: 2 | D6: =COUNTIF($A$4:$A$22,A6) -> 3 | E6: =SUMIF($A$4:$A$22,A6,$C$4:$C$22) -> 7 | F6: =IF(E6>8,"Sí","No") -> No
A7: 2 | B7: Tv-Guide Fittings | C7: 3 | D7: =COUNTIF($A$4:$A$22,A7) -> 2 | E7: =SUMIF($A$4:$A$22,A7,$C$4:$C$22) -> 5 | F7: =IF(E7>8,"Sí","No") -> No
A8: 2 | B8: T-Clips indexed | C8: 2 | D8: =COUNTIF($A$4:$A$22,A8) -> 2 | E8: =SUMIF($A$4:$A$22,A8,$C$4:$C$22) -> 5 | F8: =IF(E8>8,"Sí","No") -> No
A9: 3 | B9: Guide Splice Operation | C9: 2 | D9: =COUNTIF($A$4:$A$22,A9) -> 1 | E9: =SUMIF($A$4:$A$22,A9,$C$4:$C$22) -> 2 | F9: =IF(E9>8,"Sí","No") -> No
A10: 4 | B10: CRES Splices to the upper chord | C10: 3 | D10: =COUNTIF($A$4:$A$22,A10) -> 3 | E10: =SUMIF($A$4:$A$22,A10,$C$4:$C$22) -> 7 | F10: =IF(E10>8,"Sí","No") -> No
A11: 4 | B11: Load drill bars | C11: 2 | D11: =COUNTIF($A$4:$A$22,A11) -> 3 | E11: =SUMIF($A$4:$A$22,A11,$C$4:$C$22) -> 7 | F11: =IF(E11>8,"Sí","No") -> No
A12: 4 | B12: Drill holes to Upper T-Chord Assembly | C12: 2 | D12: =COUNTIF($A$4:$A$22,A12) -> 3 | E12: =SUMIF($A$4:$A$22,A12,$C$4:$C$22) -> 7 | F12: =IF(E12>8,"Sí","No") -> No
A13: 5 | B13: Drill holes to Guide Fittings | C13: 2 | D13: =COUNTIF($A$4:$A$22,A13) -> 1 | E13: =SUMIF($A$4:$A$22,A13,$C$4:$C$22) -> 2 | F13: =IF(E13>8,"Sí","No") -> No
A14: 6 | B14: Remove Drill bars | C14: 4 | D14: =COUNTIF($A$4:$A$22,A14) -> 2 | E14: =SUMIF($A$4:$A$22,A14,$C$4:$C$22) -> 6 | F14: =IF(E14>8,"Sí","No") -> No
A15: 6 | B15: Temp fastener | C15: 2 | D15: =COUNTIF($A$4:$A$22,A15) -> 2 | E15: =SUMIF($A$4:$A$22,A15,$C$4:$C$22) -> 6 | F15: =IF(E15>8,"Sí","No") -> No
... A22: 11 | B22: Clean | C22: 4 | D22: =COUNTIF($A$4:$A$22,A22) -> 1 | E22: =SUMIF($A$4:$A$22,A22,$C$4:$C$22) -> 4 | F22: =IF(E22>8,"Sí","No") -> No

Sheet WorkCell2
A1: Celda de trabajo 2 — Demanda de mecánicos por tarea y por número de secuencia
A2: Fuente: Simio Aerospace Data.xlsx, hoja WorkCell2. Capacidad disponible: 8 mecánicos por turno. Supuesto: las tareas con el mismo número de secuencia se ejecutan en paralelo, por lo que requieren mecánicos de forma simultánea.
A3: Núm. de secuencia | B3: Tarea | C3: Mecánicos requeridos (tarea) | D3: Tareas en paralelo (misma secuencia) | E3: Mecánicos totales requeridos en la secuencia (paralelo) | F3: ¿Excede capacidad de turno (8 mecánicos)?
A4: 1 | B4: LH BULKHEAD ASSY | C4: 2 | D4: =COUNTIF($A$4:$A$23,A4) -> 2 | E4: =SUMIF($A$4:$A$23,A4,$C$4:$C$23) -> 5 | F4: =IF(E4>8,"Sí","No") -> No
A5: 1 | B5: Operator turn table and rotate to position | C5: 3 | D5: =COUNTIF($A$4:$A$23,A5) -> 2 | E5: =SUMIF($A$4:$A$23,A5,$C$4:$C$23) -> 5 | F5: =IF(E5>8,"Sí","No") -> No
A6: 2 | B6: Scanner | C6: 2 | D6: =COUNTIF($A$4:$A$23,A6) -> 3 | E6: =SUMIF($A$4:$A$23,A6,$C$4:$C$23) -> 7 | F6: =IF(E6>8,"Sí","No") -> No
A7: 2 | B7: TV-CHORD ASSY RH and close clamps | C7: 2 | D7: =COUNTIF($A$4:$A$23,A7) -> 3 | E7: =SUMIF($A$4:$A$23,A7,$C$4:$C$23) -> 7 | F7: =IF(E7>8,"Sí","No") -> No
A8: 2 | B8: RH BULKHEAD ASSY | C8: 3 | D8: =COUNTIF($A$4:$A$23,A8) -> 3 | E8: =SUMIF($A$4:$A$23,A8,$C$4:$C$23) -> 7 | F8: =IF(E8>8,"Sí","No") -> No
A9: 3 | B9: Operator turn table and rotate to position | C9: 2 | D9: =COUNTIF($A$4:$A$23,A9) -> 2 | E9: =SUMIF($A$4:$A$23,A9,$C$4:$C$23) -> 5 | F9: =IF(E9>8,"Sí","No") -> No
A10: 3 | B10: Scan twice | C10: 3 | D10: =COUNTIF($A$4:$A$23,A10) -> 2 | E10: =SUMIF($A$4:$A$23,A10,$C$4:$C$23) -> 5 | F10: =IF(E10>8,"Sí","No") -> No
A11: 4 | B11: Position upper subassembly | C11: 2 | D11: =COUNTIF($A$4:$A$23,A11) -> 2 | E11: =SUMIF($A$4:$A$23,A11,$C$4:$C$23) -> 4 | F11: =IF(E11>8,"Sí","No") -> No
A12: 4 | B12: Rotate table | C12: 2 | D12: =COUNTIF($A$4:$A$23,A12) -> 2 | E12: =SUMIF($A$4:$A$23,A12,$C$4:$C$23) -> 4 | F12: =IF(E12>8,"Sí","No") -> No
A13: 5 | B13: Scan | C13: 3 | D13: =COUNTIF($A$4:$A$23,A13) -> 2 | E13: =SUMIF($A$4:$A$23,A13,$C$4:$C$23) -> 5 | F13: =IF(E13>8,"Sí","No") -> No
A14: 5 | B14: Drill Pilot hole | C14: 2 | D14: =COUNTIF($A$4:$A$23,A14) -> 2 | E14: =SUMIF($A$4:$A$23,A14,$C$4:$C$23) -> 5 | F14: =IF(E14>8,"Sí","No") -> No
A15: 6 | B15: Locate Fire Shield splice | C15: 3 | D15: =COUNTIF($A$4:$A$23,A15) -> 2 | E15: =SUMIF($A$4:$A$23,A15,$C$4:$C$23) -> 5 | F15: =IF(E15>8,"Sí","No") -> No
... A23: 11 | B23: Drill LH and RH holes | C23: 1 | D23: =COUNTIF($A$4:$A$23,A23) -> 2 | E23: =SUMIF($A$4:$A$23,A23,$C$4:$C$23) -> 2 | F23: =IF(E23>8,"Sí","No") -> No

Sheet WorkCell3
A1: Celda de trabajo 3 — Demanda de mecánicos por tarea y por número de secuencia
A2: Fuente: Simio Aerospace Data.xlsx, hoja WorkCell3. Capacidad disponible: 8 mecánicos por turno. Supuesto: las tareas con el mismo número de secuencia se ejecutan en paralelo, por lo que requieren mecánicos de forma simultánea.
A3: Núm. de secuencia | B3: Tarea | C3: Mecánicos requeridos (tarea) | D3: Tareas en paralelo (misma secuencia) | E3: Mecánicos totales requeridos en la secuencia (paralelo) | F3: ¿Excede capacidad de turno (8 mecánicos)?
A4: 1 | B4: Install Tack Fastener | C4: 2 | D4: =COUNTIF($A$4:$A$22,A4) -> 3 | E4: =SUMIF($A$4:$A$22,A4,$C$4:$C$22) -> 7 | F4: =IF(E4>8,"Sí","No") -> No
A5: 1 | B5: Stack light turns Green | C5: 3 | D5: =COUNTIF($A$4:$A$22,A5) -> 3 | E5: =SUMIF($A$4:$A$22,A5,$C$4:$C$22) -> 7 | F5: =IF(E5>8,"Sí","No") -> No
A6: 1 | B6: Attach clips wing set RH | C6: 2 | D6: =COUNTIF($A$4:$A$22,A6) -> 3 | E6: =SUMIF($A$4:$A$22,A6,$C$4:$C$22) -> 7 | F6: =IF(E6>8,"Sí","No") -> No
A7: 2 | B7: Attach clips wing set LH | C7: 2 | D7: =COUNTIF($A$4:$A$22,A7) -> 2 | E7: =SUMIF($A$4:$A$22,A7,$C$4:$C$22) -> 4 | F7: =IF(E7>8,"Sí","No") -> No
A8: 2 | B8: Splice the LWR/RH Chords | C8: 2 | D8: =COUNTIF($A$4:$A$22,A8) -> 2 | E8: =SUMIF($A$4:$A$22,A8,$C$4:$C$22) -> 4 | F8: =IF(E8>8,"Sí","No") -> No
A9: 3 | B9: Install Tack Fastener | C9: 2 | D9: =COUNTIF($A$4:$A$22,A9) -> 1 | E9: =SUMIF($A$4:$A$22,A9,$C$4:$C$22) -> 2 | F9: =IF(E9>8,"Sí","No") -> No
A10: 4 | B10: Tools dump Zone 2 Clamps | C10: 3 | D10: =COUNTIF($A$4:$A$22,A10) -> 3 | E10: =SUMIF($A$4:$A$22,A10,$C$4:$C$22) -> 7 | F10: =IF(E10>8,"Sí","No") -> No
A11: 4 | B11: Robot Syncing | C11: 2 | D11: =COUNTIF($A$4:$A$22,A11) -> 3 | E11: =SUMIF($A$4:$A$22,A11,$C$4:$C$22) -> 7 | F11: =IF(E11>8,"Sí","No") -> No
A12: 4 | B12: Drill 8 holes | C12: 2 | D12: =COUNTIF($A$4:$A$22,A12) -> 3 | E12: =SUMIF($A$4:$A$22,A12,$C$4:$C$22) -> 7 | F12: =IF(E12>8,"Sí","No") -> No
A13: 5 | B13: Tool dump Zone 4 Clamps | C13: 2 | D13: =COUNTIF($A$4:$A$22,A13) -> 1 | E13: =SUMIF($A$4:$A$22,A13,$C$4:$C$22) -> 2 | F13: =IF(E13>8,"Sí","No") -> No
A14: 6 | B14: Robot Syncing | C14: 5 | D14: =COUNTIF($A$4:$A$22,A14) -> 2 | E14: =SUMIF($A$4:$A$22,A14,$C$4:$C$22) -> 7 | F14: =IF(E14>8,"Sí","No") -> No
A15: 6 | B15: Drill 8 holes | C15: 2 | D15: =COUNTIF($A$4:$A$22,A15) -> 2 | E15: =SUMIF($A$4:$A$22,A15,$C$4:$C$22) -> 7 | F15: =IF(E15>8,"Sí","No") -> No
... A22: 11 | B22: Tool dump Zone 10 Clamps | C22: 1 | D22: =COUNTIF($A$4:$A$22,A22) -> 1 | E22: =SUMIF($A$4:$A$22,A22,$C$4:$C$22) -> 1 | F22: =IF(E22>8,"Sí","No") -> No

Sheet WorkCell4
A1: Celda de trabajo 4 — Demanda de mecánicos por tarea y por número de secuencia
A2: Fuente: Simio Aerospace Data.xlsx, hoja WorkCell4. Capacidad disponible: 8 mecánicos por turno. Supuesto: las tareas con el mismo número de secuencia se ejecutan en paralelo, por lo que requieren mecánicos de forma simultánea.
A3: Núm. de secuencia | B3: Tarea | C3: Mecánicos requeridos (tarea) | D3: Tareas en paralelo (misma secuencia) | E3: Mecánicos totales requeridos en la secuencia (paralelo) | F3: ¿Excede capacidad de turno (8 mecánicos)?
A4: 1 | B4: Operator Unloads | C4: 2 | D4: =COUNTIF($A$4:$A$23,A4) -> 2 | E4: =SUMIF($A$4:$A$23,A4,$C$4:$C$23) -> 6 | F4: =IF(E4>8,"Sí","No") -> No
A5: 1 | B5: Get inner assembly | C5: 4 | D5: =COUNTIF($A$4:$A$23,A5) -> 2 | E5: =SUMIF($A$4:$A$23,A5,$C$4:$C$23) -> 6 | F5: =IF(E5>8,"Sí","No") -> No
A6: 2 | B6: Close Inner Barrel Clamps | C6: 2 | D6: =COUNTIF($A$4:$A$23,A6) -> 2 | E6: =SUMIF($A$4:$A$23,A6,$C$4:$C$23) -> 4 | F6: =IF(E6>8,"Sí","No") -> No
A7: 2 | B7: Open Lift assist clamps | C7: 2 | D7: =COUNTIF($A$4:$A$23,A7) -> 2 | E7: =SUMIF($A$4:$A$23,A7,$C$4:$C$23) -> 4 | F7: =IF(E7>8,"Sí","No") -> No
A8: 3 | B8: Locate Aft Bulkhead Assy | C8: 2 | D8: =COUNTIF($A$4:$A$23,A8) -> 3 | E8: =SUMIF($A$4:$A$23,A8,$C$4:$C$23) -> 8 | F8: =IF(E8>8,"Sí","No") -> No
A9: 3 | B9: Close Manual clamps | C9: 2 | D9: =COUNTIF($A$4:$A$23,A9) -> 3 | E9: =SUMIF($A$4:$A$23,A9,$C$4:$C$23) -> 8 | F9: =IF(E9>8,"Sí","No") -> No
A10: 3 | B10: Locate & close clip | C10: 4 | D10: =COUNTIF($A$4:$A$23,A10) -> 3 | E10: =SUMIF($A$4:$A$23,A10,$C$4:$C$23) -> 8 | F10: =IF(E10>8,"Sí","No") -> No
A11: 4 | B11: Drill Bulkhead to Inner Angle | C11: 2 | D11: =COUNTIF($A$4:$A$23,A11) -> 2 | E11: =SUMIF($A$4:$A$23,A11,$C$4:$C$23) -> 4 | F11: =IF(E11>8,"Sí","No") -> No
A12: 4 | B12: Open DJ clps | C12: 2 | D12: =COUNTIF($A$4:$A$23,A12) -> 2 | E12: =SUMIF($A$4:$A$23,A12,$C$4:$C$23) -> 4 | F12: =IF(E12>8,"Sí","No") -> No
A13: 5 | B13: Remove DJ | C13: 2 | D13: =COUNTIF($A$4:$A$23,A13) -> 1 | E13: =SUMIF($A$4:$A$23,A13,$C$4:$C$23) -> 2 | F13: =IF(E13>8,"Sí","No") -> No
A14: 6 | B14: Open manual clamps | C14: 2 | D14: =COUNTIF($A$4:$A$23,A14) -> 3 | E14: =SUMIF($A$4:$A$23,A14,$C$4:$C$23) -> 7 | F14: =IF(E14>8,"Sí","No") -> No
A15: 6 | B15: Remove BLKD assys | C15: 3 | D15: =COUNTIF($A$4:$A$23,A15) -> 3 | E15: =SUMIF($A$4:$A$23,A15,$C$4:$C$23) -> 7 | F15: =IF(E15>8,"Sí","No") -> No
... A23: 11 | B23: Move inner barrel | C23: 3 | D23: =COUNTIF($A$4:$A$23,A23) -> 2 | E23: =SUMIF($A$4:$A$23,A23,$C$4:$C$23) -> 4 | F23: =IF(E23>8,"Sí","No") -> No

Sheet WorkCell5
A1: Celda de trabajo 5 — Demanda de mecánicos por tarea y por número de secuencia
A2: Fuente: Simio Aerospace Data.xlsx, hoja WorkCell5. Capacidad disponible: 8 mecánicos por turno. Supuesto: las tareas con el mismo número de secuencia se ejecutan en paralelo, por lo que requieren mecánicos de forma simultánea.
A3: Núm. de secuencia | B3: Tarea | C3: Mecánicos requeridos (tarea) | D3: Tareas en paralelo (misma secuencia) | E3: Mecánicos totales requeridos en la secuencia (paralelo) | F3: ¿Excede capacidad de turno (8 mecánicos)?
A4: 1 | B4: Robot moves to position 1 | C4: 2 | D4: =COUNTIF($A$4:$A$8,A4) -> 2 | E4: =SUMIF($A$4:$A$8,A4,$C$4:$C$8) -> 5 | F4: =IF(E4>8,"Sí","No") -> No
A5: 1 | B5: Turntable rotates | C5: 3 | D5: =COUNTIF($A$4:$A$8,A5) -> 2 | E5: =SUMIF($A$4:$A$8,A5,$C$4:$C$8) -> 5 | F5: =IF(E5>8,"Sí","No") -> No
A6: 2 | B6: Robot moves to its target position | C6: 2 | D6: =COUNTIF($A$4:$A$8,A6) -> 2 | E6: =SUMIF($A$4:$A$8,A6,$C$4:$C$8) -> 4 | F6: =IF(E6>8,"Sí","No") -> No
A7: 2 | B7: Perform local drill | C7: 2 | D7: =COUNTIF($A$4:$A$8,A7) -> 2 | E7: =SUMIF($A$4:$A$8,A7,$C$4:$C$8) -> 4 | F7: =IF(E7>8,"Sí","No") -> No
A8: 3 | B8: Secure final fastener | C8: 2 | D8: =COUNTIF($A$4:$A$8,A8) -> 1 | E8: =SUMIF($A$4:$A$8,A8,$C$4:$C$8) -> 2 | F8: =IF(E8>8,"Sí","No") -> No
